url,laboratorioClinicoId,centroOftalmologicoId,centroOdontologicoId,clinicaPrivadaId,grupoMedicoId
L1ALT1_Laboratorio Olimpo (Altamira).jpg,1,,,,
L1ALT2_Tanamo.jpg,2,,,,
L1ALT3_Perfilab.jpg,3,,,,
L1ALT3_Perfilab Centro Plaza .jpg,3,,,,
L1ALT4_Punto Salud 2.jpg,4,,,,
L1ALT4_Punto Salud 1.jpg,4,,,,
L1ALT5_Dispensario Santo Cristo.jpg,5,,,,
L1ALT6_IMG_20230921_145929_668.jpg,6,,,,
L1ALT6_IMG_20231101_130214_015.jpg,6,,,,
L1BM1_Laboratorio CayPac.jpg,7,,,,
L1CHT1_Laboratorio Médico de Referencia.jpg,9,,,,
L1CHA2_Laboratorio Clínico Microbiológico Elizabeth Gutiérrez.jpg,10,,,,
L1CHA2_Majestic.jpg,10,,,,
L1CHA3_Hormolab21.jpg,11,,,,
L1CHA4_Clinica Integral HermaSalud.jpg,12,,,,
L1CHA5_Centro Médico Las Delicias.jpg,13,,,,
L1CHA6_Perfilab Chacaito.jpg,14,,,,
L1CHA7_cenfis 1.jpg,15,,,,
L1CHA7_cenfis.jpg,15,,,,
L1CHA8_Clínica Biogranate 3.jpg,16,,,,
L1CHA9_Artyficio.jpg,17,,,,
L1CHA10_Clinilab.jpg,18,,,,
L1CHA11_Más (+) Salud.jpg,19,,,,
L1CHO1_Laboratorio Bioelectronic.jpg,20,,,,
L1CHO1_Laboratorio Bioelectronic Fachada.jpg,20,,,,
L1CHO2_Vive Salud 1.jpg,21,,,,
L1CHO2_Vive Salud 2.jpg,21,,,,
L1CHO3_Grupo Clinico Chacao.jpg,22,,,,
L1CHO4_Centro Médico Beta.jpg,23,,,,
L1CHO5_Centro de Salud Promedio .jpg,24,,,,
L1CHO5_Centro Peru .jpg,24,,,,
L1CHO6_Unifem.jpg,25,,,,
L1CHU1_Laboratorio 747.jpg,26,,,,
L1CHU2_Quiron.jpg,27,,,,
L1LCN1_IMG_20231013_132719_897.jpg,28,,,,
L1LCN2_IMG_20231013_130931_170.jpg,29,,,,
L1LCN2_IMG_20231013_130330_721.jpg,29,,,,
L1LCN3_IMG_20231024_132549_856.jpg,30,,,,
L1LCN3_IMG_20231024_133539_852.jpg,30,,,,
L1LCN4_IMG_20231106_123351_452.jpg,31,,,,
L1LCN4_IMG_20231106_123351_402.jpg,31,,,,
L1LCN5_IMG_20231013_130330_721.jpg,32,,,,
L1LCN5_IMG_20231024_134444_924.jpg,32,,,,
L1LCN6_IMG_20231013_130330_721.jpg,33,,,,
L1LCN6_IMG_20231013_125501_755.jpg,33,,,,
L1LCN7_IMG_20231013_141048_471.jpg,34,,,,
L1LCN7_IMG_20231013_142050_553.jpg,34,,,,
L1LM1_Aisa.jpg,35,,,,
"L1LM2_Laboratorio Clínico Bacterológico Hecsilab, C.A..jpg",36,,,,
L1LM3_Tu Buen Doctor.jpg,37,,,,
L1LM3_Tu Buen Doctor 2.jpg,37,,,,
L1LM4_Centro Médico Integral Careli .jpg,38,,,,
L1LM5_Instituto Medico del Hombre y la Mujer.jpg,39,,,,
L1LM6_CDD Las Mercedes.jpg,40,,,,
L1LCO1_IMG_20231014_191633_673.jpg,41,,,,
L1LCO1_IMG_20231009_140311_977.jpg,41,,,,
L1LCO2_ANALIZAR 2.jpg,42,,,,
L1LCO2_ANALIZAR 1.jpg,42,,,,
L1LCO3_IMG_20231006_153337_335.jpg,43,,,,
L1LCO3_IMG_20231006_150412_878.jpg,43,,,,
L1LCO4_IMG_20231106_160651_963.jpg,44,,,,
L1LCO4_IMG_20231106_160642_828.jpg,44,,,,
L1LCO5_IMG_20231009_140311_977.jpg,45,,,,
L1LCO5_IMG_20231024_142604_255.jpg,45,,,,
L1LCO6_IMG_20231106_122745_889.jpg,46,,,,
L1LCO7_IMG_20231006_152832_077.jpg,47,,,,
L1LCO7_IMG_20231006_153337_335.jpg,47,,,,
L1LCO8_IMG_20231024_143806_101.jpg,48,,,,
L1LCO8_IMG_20231024_143806_102.jpg,48,,,,
L1LCO9_IMG_20231106_160642_828.jpg,49,,,,
L1LCO9_IMG_20231106_173038_571.jpg,49,,,,
L1LDC1_IMG_20231014_192420_924.jpg,51,,,,
L1LDC1_IMG_20231014_192411_698.jpg,51,,,,
L1LDC2_Grupo Médico Quirón Fachada Edificio .jpg,52,,,,
L1LDC2_Grupo Médico Quirón .jpg,52,,,,
L1LDC3_Visión Salud.jpg,53,,,,
L1MI1_Laboratorio Duolab (Los Palos Grandes).jpg,54,,,,
L1MI2_IMG_20231018_132532_715.jpg,55,,,,
L1MI2_IMG_20231018_133918_657.jpg,55,,,,
L1MI3_Grupo Oseo 2.jpg,56,,,,
L1MI3_Grupo Oseo 1.jpg,56,,,,
L1MI4_IMG_20231018_132746_049.jpg,57,,,,
L1MI4_IMG_20231018_132532_715.jpg,57,,,,
L1MI5_Laboratorio Fenix.jpg,58,,,,
GM1PE01_Grupo Medico Arcangel Rafael.jpg,61,,,,
GM1PE02_OMEGA Diagnostic 2021 C.A.jpg,62,,,,
GM1PE03_JM Lab 21 .jpg,63,,,,
GM1PE04_Laboratorio Centro Medico Jade C.A .jpg,64,,,,
GM1PE06_Edificio Las Nieves .jpg,66,,,,
GM1PE07_Medi -Oferta Geluso 2012 C.A.jpg,67,,,,
GM1PE08_La Paz .jpg,68,,,,
GM1PE09_Centro Medico Rodriguez Mendez.jpg,69,,,,
GM1PE10_J.G.H Grupo Medico Popular Dr Jose Gregorio Hernandez.jpg,70,,,,
GM1PE11_Centro de salud y Laboratorio Virgen de Guadalupe .jpg,71,,,,
GM1PE15_San Gabriel.jpg,73,,,,
GM1PE16_Laboratorio Clinico Unidad Medica de la Familia .jpg,74,,,,
GM1PE17_Centro Clinico de Especialidades San Borja. E.J .jpg,75,,,,
GM1PE18_Centro Diagnostico Salud Petare.jpg,76,,,,
GM1PE19_Clinica Quinta Viki.jpg,77,,,,
L1PV1_photo_2023-11-23(1).jpg,78,,,,
L1PV1_photo_2023-11-23 (2).jpg,78,,,,
"L1SG1_Laboratorio Clínico NeutroLab, C.A..jpg",81,,,,
L1SG2_Licbiomol.jpg,82,,,,
L1SG3_Perfilab.jpg,83,,,,
L1SG4_Asistanet.jpg,84,,,,
L2AS1_laboratorio Lamdalab II Av. Sucre Agua Salud .jpg,85,,,,
L2BA1_LABORATORIO BIOMEDICAL.jpg,86,,,,
L2BA3_Bellas Artes-SERVILOT 1.jpg,88,,,,
L2BA3_Bellas Artes-SERVILOT 2.jpg,88,,,,
L2BA4_Meditech.jpg,89,,,,
L2BA5_2020-12-282.jpg,90,,,,
L2LH1_laboratorio clinico mundo salud 2.jpg,94,,,,
L2LH1_laboratorio clinico mundo salud 1.jpg,94,,,,
L2LH2_laboratorio del valle villarroel.jpg,95,,,,
L2LH3_laboratorio paria.jpg,96,,,,
L2LH4_laboratorio fyez 1.jpg,97,,,,
L2LH4_laboratorio fyez 2.jpg,97,,,,
L2LH5_servicios integrales de salud humana 1.jpg,98,,,,
L2LH5_servicios integrales de salud humana 2.jpg,98,,,,
L2LH6_centro medico karam-la hoyada.jpg,99,,,,
L2LH8_Proamo.jpg,101,,,,
L2PC1_centro medico integral ojo de agua.jpg,102,,,,
L2PS2_Servicios Mahfy.jpg,103,,,,
L2PS3_Laboratorio Maritiza Chanchamire Boulevard de Catia .jpg,105,,,,
L2PS5_Centro Medico Unicatia.jpg,107,,,,
L2PS6_Unidad Medica Altagracia Calle Colombia Catia .jpg,108,,,,
L2PS7_Clinica Panamerica.jpg,109,,,,
L2PRO1_Laboratorio Amylab CC Atlantico Propatria.jpg,110,,,,
L2PRO3_Grupo Medico Propatria.jpg,112,,,,
L2SB1_BACTERIOLAB.jpg,114,,,,
L2SB2_laboratorio krisogab.jpg,115,,,,
L2SB3_Labaratorio Analuz.jpg,116,,,,
L2SB4_centro medico la fortaleza 2.jpg,117,,,,
L2SB4_centro medico la fortaleza 1.jpg,117,,,,
L2SB6_grupo heliantus.jpg,119,,,,
L2SB7_IMG_20231011_135614_879 (2).jpg,120,,,,
L2SB7_IMG_20231011_135614_879 (1).jpg,120,,,,
L2SB8_Laboratorio Clínico Gastón Arevalo.jpg,121,,,,
L2SJ1_av fuerzas Armadas- Laboratorios Olimag.jpg,122,,,,
L2SJ2_Av Fuerzas Armadas- Red Salud.jpeg,123,,,,
L2SJ3_San Jose- Laboratorio Clinico Innova Diagnostic.jpg,124,,,,
L2SJ4_San Jose-Laboratorio Clinico Biomedical.jpg,125,,,,
L2SJ5_San Jose- Laboratorio el Arbol.jpg,126,,,,
L2SJ6_San jose-Laboratorio Clinico y Centro Odontologico Daolin.jpg,127,,,,
L2T1_laboratorio elucared.jpg,128,,,,
L2T1_laboratorio elucared 2.jpg,128,,,,
L2T2_laboratorio metamax lab.jpg,129,,,,
L2T3_centro clinico adventista.jpg,130,,,,
L3CU1_IM20230921121528_984.jpg,131,,,,
L3CU2_Instituto de Medicina Tropical.jpg,132,,,,
L3COC1_Dispensario Santo Domingo Savio.jpg,133,,,,
L3COC1_Dispensario Santo Domingo Savio (2).jpg,133,,,,
L3COC2_photo_2023-11-20_13-55-00 (2).jpg,134,,,,
L3COC4_photo_2023-10-05_23-39-51 (2).jpg,136,,,,
L3COC4_photo_2023-10-05_23-39-51.jpg,136,,,,
L3EC1_UNILAB.jpg,137,,,,
L3EC2_MARINI II.jpg,138,,,,
L3EC3_Odontoestetica.jpg,139,,,,
L3EC4_CENTRO DE BIENESTAR SOCIAL LAS ACACIAS II.jpg,140,,,,
L3EC4_CENTRO DE BIENESTAR SOCIAL LAS ACACIAS.jpg,140,,,,
L3EV1_Laboratorio Lyocar.jpg,141,,,,
L3EV2_photo_2023-10-21_14-27-00.jpg,142,,,,
L3EV2_photo_2023-10-21_14-25-48 (5).jpg,142,,,,
L3EV3_Hormolab 21.jpg,143,,,,
L3EV4_Grupo Médico Odontológico Dra. Zaraell Lopez Rodriguez.jpg,144,,,,
L3EV5_photo_2023-10-09_21-22-15 (2).jpg,145,,,,
L3EV5_photo_2023-10-09_21-22-15.jpg,145,,,,
L3EV6_photo_2023-10-21_14-25-48 (2).jpg,146,,,,
L3EV7_photo_2023-10-21_14-25-48 (4).jpg,147,,,,
L3LA1_Laboratorio Test Confiable.jpg,148,,,,
L2LA3_Clínica Solidaria Amigos de los Ciegos.jpg,150,,,,
L2LA4_Plafam.jpg,151,,,,
L2LA5_Grupo Medico las Acacias .JPG,152,,,,
L3LC1_UNILAB LOS CHAGUARAMOS.jpg,153,,,,
L3LC1_UNILAB LOS CHAGUARAMOS FACHADA.jpg,153,,,,
L3LC2_IMQ Jimenez Rojas.jpg,154,,,,
L3LC3_IMG_20230921_133247_280.jpg,155,,,,
L3LJ1_Centro Clínico Marini.jpg,156,,,,
L3LJ2_Centro Médico Odontológico Garcia Lovera (2).jpg,157,,,,
L3LJ2_Centro Médico Odontológico Garcia Lovera (1).jpg,157,,,,
L3LJ3_photo_2023-10-05_23-37-44.jpg,158,,,,
L3LJ3_photo_2023-10-05_23-38-25.jpg,158,,,,
L3LJ4_photo_2023-10-05_23-41-00.jpg,159,,,,
L3LJ4_photo_2023-10-05_23-40-59.jpg,159,,,,
L3ME1_Centro Médico Quirurgico Beltran (1).jpg,160,,,,
L3ME1_Centro Médico Quirurgico Beltran (2).jpg,160,,,,
L3SM1_Hema Lab.jpg,161,,,,
L3SM2_IMG_20230926_123959_825.jpg,162,,,,
L3SM3_Amore Salud I (2).jpg,163,,,,
L3SM3_Amore Salud I (1).jpg,163,,,,
L4AN1_Grupo Médico Venus 2020.jpg,165,,,,
GM4AN02_Centro Médico Zeus.jpg,166,,,,
L4AR1_Cendilab.jpg,167,,,,
L4AR2_Centro Ortopédico Los Niños.jpg,168,,,,
L4AR3_Grupo Médico San Martín.jpg,169,,,,
L4CAR1_CIMSAVID.jpg,173,,,,
L4EP1_Laboratorio Aranza Marquez.jpg,174,,,,
L4EP2_Laboratorio Clínico Bio Euro.jpg,175,,,,
L4EP3_Centro medico especialistas washington.jpg,176,,,,
L4EP4_Centro Medico Odontocosmético Paraíso.jpg,177,,,,
L4LV1_Centro Medico Ruiz Sevillano.jpg,178,,,,
L4LV2_Laboratorio Clinico Aislab 2017.jpg,179,,,,
L4LV3_Laboratorio Clinico Facil Salud.jpg,180,,,,
L4LV3_Centro de Salud Jesus de Nazareth.jpg,180,,,,
L4LV4_Clinica Gomez y Asociados.jpg,181,,,,
L4LAD1_Clínica El Carmen.jpg,182,,,,
L4LAD2_CECAMI.jpg,183,,,,
L4LAD3_Centro Médico La Principal.jpg,184,,,,
L4MON2_Super Salud.jpg,186,,,,
L4RP2_Grupo Médico Popular Caricuao Plaza.jpg,187,,,,
L4RP3_Medical Center Ruiz Pineda.jpg,188,,,,
L4RP1_Laboratorio Clínico Goncalves.jpg,189,,,,
L4ZO1_Centro Clínico UD5.jpg,190,,,,
L4ZO2_Laboratorio Vilma Sánchez.jpg,191,,,,
L5B1_Centro medico integral OJO DE AGUA.jpg,194,,,,
L5B2_Laboratorio Clinico La Coromoto C.A..jpg,195,,,,
L5B3_Centro Bioanalitico RQ C.A..jpg,196,,,,
L5B4_Centro Odontomédico Las Minas.jpg,197,,,,
L5B5_Centro medico integral popular.jpg,198,,,,
L5B6_Dispensario Nuestra Señora de Fátima.jpg,199,,,,
L5C1_Laboratorio clinico Humboldt.jpg,200,,,,
L5C2_Laboratorios BioAguilar.jpg,201,,,,
L5C3_Diagnosticos Terras.jpg,202,,,,
L5C4_Unidad Diagnóstica Caura.jpg,203,,,,
L5C5_Almedical.jpg,204,,,,
L5EC1_Laboratorio Clinico MCS.jpg,205,,,,
L5EC2_Superlab Av. Principal del Cafetal .jpg,206,,,,
L5EH1_Laboratorio SL.jpg,207,,,,
L5EH2_Laboratorio Clínico Biomatic.jpg,208,,,,
L5EH3_Salud para todos.jpg,209,,,,
L5EH4_Ambulatorio Jesus Reggeti.jpg,210,,,,
L5LT1_Laboratorio Clínico Examina.jpg,211,,,,
L5LT2_ConfortLab.jpg,212,,,,
L5LT3_Thelab biodiagnostica.jpg,213,,,,
L5LT4_Apoyamed 365.jpg,214,,,,
L5SF1_Grupo Medis Santa Fe (1).jpg,215,,,,
L5SF1_Grupo Medis Santa Fe (4).jpg,215,,,,
CP1AL01_Clinica Avila.jpg,,,,1,
CP1AL02_Instituto clinico la Floresta.jpg,,,,2,
CP1AL03_Clínica Bello Campo.jpg,,,,3,
CP1CH01_INSTITUTO CLINICO LA FLORIDA.jpg,,,,5,
CP1CH02_vidamed.jpg,,,,6,
CP1CH03_Centro medico Integra Chacaito.jpg,,,,7,
CP1CH03_Centro medico Integra Chacaito I.jpg,,,,7,
CP1CH04_Centro medico llas Delicias.jpg,,,,8,
CP1CH05_Centro Medico Bosque Avila.jpg,,,,9,
CP1CH06_Clinica Sanatrix.jpg,,,,10,
CP1CH06_Clinica Sanatrix I.jpg,,,,10,
CP1CU01_Clínica CCCT.jpg,,,,11,
CP1CN01_Clinica Noreste II.jpg,,,,12,
CP1CN01_Clinica Noreste I.jpg,,,,12,
CP1CS01_IMG_20231106_160048_079.jpg,,,,13,
CP1LM01_Urologico San Roman I.jpg,,,,14,
CP1LM01_Urologico San Roman II.jpg,,,,14,
CP1LM02_Policlinica las Mercedes I.jpg,,,,15,
CP1LC01_IMG_20231006_121611_550.jpg,,,,16,
CP1PE01_Centro Clinico La urbina.jpg,,,,17,
CP1PE02_MEDIPROT.jpg,,,,18,
CP1PV01_Policlinica Mendez Gimon I.jpg,,,,19,
CP1PV01_photo_2023-11-23.jpg,,,,19,
CP1SG01_Santiago de león I.jpg,,,,20,
CP1SG01_Santiago de león II.jpg,,,,20,
CP2BA01_Clinica Luis Razetti.JPG,,,,21,
CP2BA02_Clinica Dr. A. L. Briceño Rossi.jpg,,,,22,
CP2PS01_Clínica Nueva Caracas Calle Colombia Catia .jpg,,,,23,
CP2PS01_Clínica Nueva Caracas Calle Colombia Catia I.jpg,,,,23,
CP2SB01_Centro Ortopedico Podologico.jpg,,,,24,
CP2SB02_Fenix Salud.jpg,,,,25,
CP2SB03_Hospital de Clinicas Caracas.jpg,,,,26,
CP2SB04_Centro Médico de Caracas.jpg,,,,27,
CP2SB05_Clínica Herrera Lynch.jpg,,,,28,
CP2SB05_Clinica Herrera Lynch I.jpg,,,,28,
CP2SB06_Clínica Los Sauces.jpg,,,,29,
CP2SB07_Unidad Quirurgica Esmeralda I.jpg,,,,30,
CP2SB08_Policlinica La Arboleda.jpg,,,,31,
CP2SB08 Policlinica la Arboleda II.jpg,,,,31,
CP2SB09_Especialidades Quirurgicas DOS.jpg,,,,32,
CP3CO01_Policlínica de Coche (1).jpeg,,,,33,
CP3LB01_Clinica Atias .jpg,,,,34,
CP3LJ01_Clinica Ana Cecilia.jpg,,,,35,
CP3SM01_IMG_20230919_143512_952.jpg,,,,36,
CP3SM02_IMG_20230922_145635_747.jpg,,,,37,
CP3SM02_IMG_20230922_145649_093.jpg,,,,37,
CP3SM03_IMG_20230926_122531_326.jpg,,,,38,
CP3SM04_Clínica Las Ciencias.jpg,,,,39,
CP4EP01_Centro Medico Loira.jpg,,,,40,
CP4EP02_Clinica Amay.JPG,,,,41,
CP4EP03_Policlinica El Paraiso.jpg,,,,42,
CP4LP01_Clinica Vista Alegre.jpg,,,,43,
CP5BA01_Clinica Felix Boada I.jpg,,,,44,
CP5BA01_Clinica Felix Boada.jpg,,,,44,
CP5BA02_Clinica Piedra Azul.jpg,,,,45,
CP5EC01_Policlinica Metropolitana.jpg,,,,46,
CP5EC01_Policlinica Metropolitana I.jpg,,,,46,
CP5EC02_Centro Clinico de Maternidad Leopoldo Aguerrevere I.jpg,,,,47,
CP5EC02_Centro Clinico de Maternidad Leopoldo Aguerrevere.jpg,,,,47,
CP5EC03_Clínica Santa Sofía.jpg,,,,48,
CP5LT01_Centro integral La Trinidad.jpg,,,,49,
CP5LT02_Centro Medico Docente la Trinidad.jpg,,,,50,
CP5LT02_Centro Medico Docente la Trinidad I.jpg,,,,50,
OF1AL01_IMG_20231018_143627_339.jpg,,1,,,
OF1AL01_IMG_20231018_143956_750.jpg,,1,,,
OF1AL02_IMG_20231024_153814_387.jpg,,2,,,
OF1AL03_Unidad Oftalmológica Gonzalez Sirit.jpg,,3,,,
OF1AL04_Don-Bosco 1.jpg,,4,,,
OF1CH01_Plus Optica.jpg,,5,,,
OF1CH02_SOS servicios opticos.jpg,,6,,,
OF1CH03_Todoptica.jpg,,7,,,
OF1CH04_Unioptica.jpg,,8,,,
OF1CH06_CODE II.jpg,,10,,,
OF1CH06_CODE I.jpg,,10,,,
OF1CO01_Dr. Andreas Koch 2.jpg,,11,,,
OF1CO01_Consultorio Dr. Andreas Koch.jpg,,11,,,
OF1CO02_Vistal1.jpg,,12,,,
OF1CO02_vistal.jpg,,12,,,
OF1CU01_Centro Oftalmológico Chuao.jpg,,13,,,
OF1CN01_IMG_20231013_130028_589.jpg,,14,,,
OF1CN01_IMG_20231013_130330_721.jpg,,14,,,
OF1CN02_IMG_20231013_143843_243.jpg,,15,,,
OF1CN03_IMG_20231106_123352_233.jpg,,16,,,
OF1CN03_IMG_20231106_123351_452.jpg,,16,,,
OF1CN04_IMG_20231106_123351_452.jpg,,17,,,
OF1CN04_IMG_20231106_123351_402.jpg,,17,,,
OF1LC01_Asociación Madres Salesianas.jpg,,18,,,
OF1DC01_Visión Salud.jpg,,19,,,
OF1DC02_IMG_20231024_144445_148.jpg,,20,,,
OF1PZ01_Mente y Cuerpo Sano (2).jpg,,21,,,
OF1PZ01_Mente y Cuerpo Sano (1).jpg,,21,,,
OF1PZ02_Oftalmología Dr. Juan P. Pierluissi.jpg,,22,,,
OF1PZ02_Oftalmología Dr. Juan P. Pierluissi (2).jpg,,22,,,
OF1SG01_Optimundo.jpg,,23,,,
OF2CI01_2023-03-161.jpg,,24,,,
OF2LH01_AV UNIVERSIDAD- HUMANA UNIDAD OFTALMOLOGICA.jpg,,25,,,
OF2LH01_AV UNIVERSIDAD- HUMANA UNIDAD OFTALMOLOGICA 1.jpg,,25,,,
OF2LH02_centro profesional urdaneta.jpg,,26,,,
OF2LH02_angeloptic.jpg,,26,,,
OF2SB01_IMG_20230929_125517.jpg,,27,,,
OF2SB01_Instituto de Otorrinolaringología y Oftalmología.jpg,,27,,,
OF3EC01_Odontoestetica.jpg,,28,,,
OF3LA01_Unidad Oftalmológica Lecmar.jpg,,29,,,
OF3LC01_IMQ Jimenez Rojas.jpg,,30,,,
OF5BA01_Unidad Médica Plaza Baruta.jpg,,31,,,
OF5CO01_.jpg,,32,,,
OF5EC01_Vistamed.jpg,,33,,,
OF5EC02_Unidad Oftalmologica 2.jpg,,34,,,
OF5EC02_Unidad Oftalmologica 3.jpg,,34,,,
OF5EC03_Centro Oftalmológico Santa Lucia.jpg,,35,,,
OF5LT01_IMG_20180216_1751251.jpg,,36,,,
GM1AL01_tanamo 2.jpg,,,,,1
GM1AL02_Perfilab Centro Plaza 2.jpg,,,,,2
GM1AL02_Perfilab Centro Plaza .jpg,,,,,2
GM1AL03_Punto Salud 1.jpg,,,,,3
GM1AL03_Punto Salud 2.jpg,,,,,3
GM1AL04_Oncomedica-Saludmedica Fachada Edificio .jpg,,,,,4
GM1AL04_Oncomedica-Saludmedica .jpg,,,,,4
GM1AL05_Dispensario Santo Cristo.jpg,,,,,5
GM1AL06_IMG_20230921_145929_668.jpg,,,,,6
GM1AL06_IMG_20231101_130214_015.jpg,,,,,6
GM1AL07_IMG_20231024_153301_311.jpg,,,,,7
GM1AL07_IMG_20230921_145929_668.jpg,,,,,7
GM1AL08_IMG_20231018_142733_966.jpg,,,,,8
GM1AL09_Don-Bosco.jpg,,,,,9
GM1BM01_EconoSalud.jpg,,,,,10
GM1CH02_Clinica Integral HermaSalud.jpg,,,,,13
GM1CH03_Centro Médico Las Delicias.jpg,,,,,14
GM1CH04_Perfilab Chacaito.jpg,,,,,15
GM1CH05_Instituto de Resonancia Magnetica La Florida.jpg,,,,,16
GM1CH06_Artyficio.jpg,,,,,17
GM1CH07_Clinilab.jpg,,,,,18
GM1CH08_Más (+) Salud.jpg,,,,,19
GM1CH09_cenfis.jpg,,,,,20
GM1CH09_cenfis 1.jpg,,,,,20
GM1CH10_Dr. C.jpg,,,,,21
GM1CH11_Dr. José Alejandro León (Consultorio).jpg,,,,,22
GM1CH11_Dr. José Alejandro.jpg,,,,,22
GM1CH12_Clínica Biogranate 3.jpg,,,,,23
GM1CH13_Dr. Carolina Mendoza.jpg,,,,,24
GM1CH15_UNIMELAB.jpg,,,,,26
GM1CO01_Avansalud 2.jpg,,,,,27
GM1CO01_Avansalud.jpg,,,,,27
GM1CO02_Centro Médico Beta.jpg,,,,,28
GM1CO03_Centro de Salud Integral ANLUZ.jpg,,,,,29
GM1CO04_Centro de Salud Promedio .jpg,,,,,30
GM1CO04_Centro Peru .jpg,,,,,30
GM1CO06_Unifem.jpg,,,,,32
GM1CO07_Clinica San José.jpg,,,,,33
GM1CU01_Centro Medico Quirurgico Medinas.jpg,,,,,34
GM1CU02_Angios.jpg,,,,,35
GM1CU03_Quiron.jpg,,,,,36
GM1CU04_AQUAMATER.jpg,,,,,37
GM1CU05_Grupo Medico Otorrinolaringologico.jpg,,,,,38
GM1CU06_Asociación Quirurgica Chuao.jpg,,,,,39
GM1CN01_IMG_20231024_133539_852.jpg,,,,,40
GM1CN01_IMG_20231024_133014_786.jpg,,,,,40
GM1CN02_IMG_20231106_123351_402.jpg,,,,,41
GM1CN02_IMG_20231106_123351_452.jpg,,,,,41
GM1CN03_IMG_20231013_135512_669.jpg,,,,,42
GM1CN04_IMG_20231024_134444_924.jpg,,,,,43
GM1CN04_IMG_20231013_130330_721.jpg,,,,,43
GM1CN05_IMG_20231013_125501_755.jpg,,,,,44
GM1CN05_IMG_20231013_130330_721.jpg,,,,,44
GM1CN06_IMG_20231013_141048_471.jpg,,,,,45
GM1CN06_IMG_20231013_142050_553.jpg,,,,,45
GM1CN07_IMG_20231013_150219_819.jpg,,,,,46
GM1LM01_Tu Buen Doctor 2.jpg,,,,,47
GM1LM01_Tu Buen Doctor.jpg,,,,,47
GM1LM02_CDD Las Mercedes.jpg,,,,,48
GM1LM03_Centro Médico Integral Careli .jpg,,,,,49
GM1LM04_Dr. Marjorie Tortonese.jpg,,,,,50
GM1LM04_Dr. Marjorie Tortonese 2.jpg,,,,,50
GM1LM05_Instituto Medico del Hombre y la Mujer.jpg,,,,,51
GM1LM06_Instituto de Gastroenterología Dr. Isaías Simón Farcheg Ysa.jpg,,,,,52
GM1LC01_IMG_20231009_140311_977.jpg,,,,,53
GM1LC01_IMG_20231024_142604_255.jpg,,,,,53
GM1LC02_IMG_20231106_122745_889.jpg,,,,,54
GM1LC03_IMG_20231006_153337_335.jpg,,,,,55
GM1LC03_IMG_20231006_152832_077.jpg,,,,,55
GM1LC04_IMG_20231024_143806_102.jpg,,,,,56
GM1LC04_IMG_20231024_143806_101.jpg,,,,,56
GM1LC05_IMG_20231106_160642_828.jpg,,,,,57
GM1LC05_IMG_20231106_173038_571.jpg,,,,,57
GM1LC06_IMG_20231106_173835_631.jpg,,,,,58
GM1LC06_Copia de IMG_20231006_153337_335.jpg,,,,,58
GM1LC07_IMG_20231014_192411_698.jpg,,,,,59
GM1LC07_IMG_20231014_200305_417.jpg,,,,,59
GM1LC08_IMG_20231006_144206_959.jpg,,,,,60
GM1LC08_IMG_20231014_192341_655.jpg,,,,,60
GM1LC09_IMG_20231006_144900_342.jpg,,,,,61
GM1LC09_IMG_20231014_192341_655.jpg,,,,,61
GM1LC10_IMG_20231006_153337_335.jpg,,,,,62
GM1LC10_IMG_20231006_151305_147.jpg,,,,,62
GM1LC11_IMG_20231106_155959_641.jpg,,,,,63
GM1LC12_Asociación Madres Salesianas II.jpg,,,,,64
GM1LC12_Asociación Madres Salesianas.jpg,,,,,64
GM1LC13_IMG_20231014_192341_655.jpg,,,,,65
GM1LC13_IMG_20231009_140312_038.jpg,,,,,65
GM1DC01_Grupo Médico Quirón .jpg,,,,,66
GM1DC01_Grupo Médico Quirón Fachada Edificio .jpg,,,,,66
GM1DC02_Visión Salud.jpg,,,,,67
GM1DC03_Dr. Gabriel Cadena 1.jpg,,,,,68
GM1DC03_Dr. Gabriel Cadena 2.jpg,,,,,68
GM1DC04_Womanclinix Fachada.jpg,,,,,69
GM1DC04_Womanclinix.jpg,,,,,69
GM1DC05_Centro Clinico la Carlota.jpg,,,,,70
GM1DC05_Centro ClinicoLaCarlota.jpg,,,,,70
GM1MI01_IMG_20231018_133918_657.jpg,,,,,71
GM1MI01_IMG_20231018_132532_715.jpg,,,,,71
GM1MI02_Grupo Oseo 2.jpg,,,,,72
GM1MI02_Grupo Oseo 1.jpg,,,,,72
GM1MI03_IMG_20231018_132532_715.jpg,,,,,73
GM1MI03_IMG_20231018_132746_049.jpg,,,,,73
GM1MI04_Fisioplus ( Torre Pascal) .jpg,,,,,74
GM1MI04_FisioPlus Torre Pascal .jpg,,,,,74
GM1PE01_Grupo Medico Arcangel Rafael.jpg,,,,,75
GM1PE02_OMEGA Diagnostic 2021 C.A.jpg,,,,,76
GM1PE03_JM Lab 21 .jpg,,,,,77
GM1PE04_Laboratorio Centro Medico Jade C.A .jpg,,,,,78
GM1PE06_Edificio Las Nieves .jpg,,,,,80
GM1PE07_Medi -Oferta Geluso 2012 C.A.jpg,,,,,81
GM1PE08_La Paz .jpg,,,,,82
GM1PE09_Centro Medico Rodriguez Mendez.jpg,,,,,83
GM1PE10_J.G.H Grupo Medico Popular Dr Jose Gregorio Hernandez.jpg,,,,,84
GM1PE11_Centro de salud y Laboratorio Virgen de Guadalupe .jpg,,,,,85
GM1PE12_Plafam petare..jpg,,,,,86
GM1PE13_Ginecontodo .jpg,,,,,87
GM1PE15_San Gabriel.jpg,,,,,89
GM1PE16_Laboratorio Clinico Unidad Medica de la Familia .jpg,,,,,90
GM1PE17_Centro Clinico de Especialidades San Borja. E.J .jpg,,,,,91
GM1PE18_Centro Diagnostico Salud Petare.jpg,,,,,92
GM1PE19_Clinica Quinta Viki.jpg,,,,,93
GM1PV03_El-Cedral-scaled.jpg,,,,,96
GM1PV04_Mente y Cuerpo Sano (2).jpg,,,,,97
GM1PV04_Mente y Cuerpo Sano (1).jpg,,,,,97
GM1PV05_Centro Médico Las Palmas.jpeg,,,,,98
GM1PV07_14-27-11.jpg,,,,,100
GM1PV07_Bucaral.jpg,,,,,100
GM1SG01_Perfilab.jpg,,,,,101
GM1SG02_Ceclines.jpg,,,,,102
GM1SG03_Asistanet.jpg,,,,,103
GM1SG04_Torre Mega III.jpg,,,,,104
GM1SG07_Centro Medico Diag Sabana Grande.jpg,,,,,107
GM2BA01_IMG_20230929_123715.jpg,,,,,108
GM2BA02_Bellas Artes-SERVILOT 2.jpg,,,,,109
GM2BA02_Bellas Artes-SERVILOT 1.jpg,,,,,109
GM2BA03_Meditech.jpg,,,,,110
GM2LH01_servicios integrales de salud humana 2.jpg,,,,,114
GM2LH01_servicios integrales de salud humana 1.jpg,,,,,114
GM2LH02_AV URDANETA- GRUPO MEDICO LAS IBARRA.jpg,,,,,115
GM2LH03_Av fuerzas Armadas- centro clinico vargas ponce.jpg,,,,,116
GM2LH04_Av Fuerzas Armadas- Red Salud.jpg,,,,,117
GM2LH05_centro medico karam-la hoyada.jpg,,,,,118
GM2PC01_centro medico integral ojo de agua.jpg,,,,,120
GM2PC02_AV URDANETA- UMOL 2.jpg,,,,,121
GM2PB01_Servicios Medicos Ellas Boulevar Plaza Sucre .jpg,,,,,122
GM2PS02_Centro Medico Unicatia.jpg,,,,,125
GM2PS03_Unidad Medica Altagracia Calle Colombia Catia .jpg,,,,,126
GM2PS04_Clinica Panamerica.jpg,,,,,127
GM2PR01_Grupo Medico Propatria.jpg,,,,,128
GM2SB01_centro medico la fortaleza 1.jpg,,,,,130
GM2SB01_centro medico la fortaleza 2.jpg,,,,,130
GM2SB03_grupo heliantus.jpg,,,,,132
GM2SB04_IMG_20231011_134423_662.jpg,,,,,133
GM2SB04_IMG_20231011_135614_879.jpg,,,,,133
GM2SB05_Soñares.jpg,,,,,134
GM2SB06_Centro Clínico Profesional Caracas I.jpg,,,,,135
GM2SB06_Centro Clínico Profesional Caracas II.jpg,,,,,135
GM2SB07_135614_879.jpg,,,,,136
GM2SB07_Centro Salud Caracas.jpg,,,,,136
GM2SB08_Centro Salud Caracas - copia.jpg,,,,,137
GM2SB08_Sin título GM708.jpg,,,,,137
GM2SB09_Inst Diag San Bernardino.jpg,,,,,138
GM2SB10_Uni Trauma.jpg,,,,,139
GM2TE01_centro clinico adventista.jpg,,,,,140
GM3CU01_Instituto de Medicina Tropical.jpg,,,,,142
GM3CO01_photo_2023-10-05_23-39-51 (2).jpg,,,,,143
GM3CO01_photo_2023-10-05_23-39-51.jpg,,,,,143
GM3EC01_Unidad Médica Santa Lucia II.jpg,,,,,144
GM3EC01_Unidad Médica Santa Lucia I.jpg,,,,,144
GM3EC02_CENTRO DE BIENESTAR SOCIAL LAS ACACIAS II.jpg,,,,,145
GM3EC02_CENTRO DE BIENESTAR SOCIAL LAS ACACIAS.jpg,,,,,145
GM3EV01_Grupo Médico Odontológico Dra. Zaraell Lopez Rodriguez.jpg,,,,,146
GM3EV02_photo_2023-10-09_21-22-15.jpg,,,,,147
GM3EV02_photo_2023-10-09_21-22-15 (2).jpg,,,,,147
GM3EV03_photo_2023-10-21_14-25-48 (2).jpg,,,,,148
GM3EV04_photo_2023-10-21_14-25-48 (4).jpg,,,,,149
GM3LA01_Grupo Medico las Acacias .JPG,,,,,150
GM3LA02_Clínica Solidaria Amigos de los Ciegos.jpg,,,,,151
GM3LA03_Plafam.jpg,,,,,152
GM3LA04_Clinica Jimenez Muñoz.jpg,,,,,153
GM3LC01_FACHADA CARDIODIAGNOSTICOCP.jpg,,,,,154
GM3LC01_CARDIODIAGNOSTICOCP.jpg,,,,,154
GM3LC02_IMQ Jimenez Rojas.jpg,,,,,155
GM3LC03_IMG_20230921_133247_280.jpg,,,,,156
GM3LC04_Magneto Imágenes II.jpg,,,,,157
GM3LC04_Magneto Imágenes I.jpg,,,,,157
GM3LI01_Cem Los Proceres II.jpg,,,,,158
GM3LI01_Cem Los Proceres I.jpg,,,,,158
GM3LJ01_Consultorio Médico Dr. Antonio Matinella.jpg,,,,,159
GM3LJ02_Centro Médico Odontológico Garcia Lovera (1).jpg,,,,,160
GM3LJ02_Centro Médico Odontológico Garcia Lovera (2).jpg,,,,,160
GM3LJ03_photo_2023-10-05_23-37-44.jpg,,,,,161
GM3LJ03_photo_2023-10-05_23-38-25.jpg,,,,,161
GM3LJ04_photo_2023-10-05_23-40-59.jpg,,,,,162
GM3LJ04_photo_2023-10-05_23-41-00.jpg,,,,,162
GM3ME01_Centro Médico Quirurgico Beltran (1).jpg,,,,,163
GM3ME01_Centro Médico Quirurgico Beltran (2).jpg,,,,,163
GM3SM01_Centro Médico Los 7 Arcangeles.jpg,,,,,164
GM3SM02_Cedivi.jpg,,,,,165
GM3SM03_IMG_20230926_123040_265.jpg,,,,,166
GM3SM04_Prevencardio.jpg,,,,,167
GM3SM04_Prevencardio II.jpg,,,,,167
GM3SM05_Amore Salud II.jpg,,,,,168
GM3SM05_Amore Salud I.jpg,,,,,168
GM4AN01_Grupo Médico Venus 2020.jpg,,,,,169
GM4AN02_Centro Médico Zeus.jpg,,,,,170
GM4AR01_Elohim Especialidades Médicas (1).jpg,,,,,171
GM4AR01_Elohim Especialidades Médicas.jpg,,,,,171
GM4AR02_Centro Médico Milenio.jpg,,,,,172
GM4AR03_CENDIMU.jpg,,,,,173
GM4AR04_Grupo Médico San Martín.jpg,,,,,174
GM4CA01_CIMSAVID.jpg,,,,,175
GM4EP01_Centro de Estudios Médicos integrales.jpg,,,,,176
GM4EP02_Centro medico especialistas washington.jpg,,,,,177
GM4EP03_Unidad de Especialidades Gastroenterologicas El Paraíso.jpg,,,,,178
GM4EP04_Centro Medico Odontocosmético Paraíso.jpg,,,,,179
GM4LV01_Centro de Salud Jesus de Nazareth.jpg,,,,,181
GM4LV02_Clinica Gomez y Asociados.jpg,,,,,182
"GM4LV03_Centro Médico, Ginecología.jpg",,,,,183
GM4LA01_Clínica El Carmen.jpg,,,,,184
GM4LA02_CECAMI.jpg,,,,,185
GM4LA03_Centro Médico La Principal.jpg,,,,,186
GM4LA04_Centro Médico Dr. Vargas.jpg,,,,,187
GM4MO03_Super Salud.jpg,,,,,191
GM4RP01_Grupo Médico Popular Caricuao Plaza.jpg,,,,,192
GM4RP02_Medical Center Ruiz Pineda.jpg,,,,,193
GM5BA01_Centro Profesional Baruta.jpg,,,,,195
GM5BA02_Salud y Familia. Centro de asistencia médico familiar 1.jpg,,,,,196
GM5BA03_Centro Odontomédico Las Minas.jpg,,,,,197
GM5BA04_Centro medico integral popular.jpg,,,,,198
GM5BA05_Unidad Medica Plaza Baruta.jpg,,,,,199
GM5BA06_Centro Empresarial Baruta.jpg,,,,,200
GM5BA07_Centro Médico Popular Las Minas.jpg,,,,,201
GM5BA08_Centro Comunal San Edmundo.jpg,,,,,202
GM5BA09_Dispensario Nuestra Señora de Fátima.jpg,,,,,203
GM5CH01_Centro Ambulatorio CCCT.jpg,,,,,204
GM5CO01_Diagnosticos Terras.jpg,,,,,205
GM5CO02_SonoLife.jpg,,,,,206
GM5CO03_Imagenes clinicas de Venezuela.jpg,,,,,207
GM5CO04_Unidad Médica Care Plus.jpg,,,,,208
GM5CO05_Centro Médico de la Mano.jpg,,,,,209
GM5CO06_Unidad Diagnóstica Caura.jpg,,,,,210
GM5CO07_Almedical.jpg,,,,,211
GM5EC02_Superlab Av. Principal del Cafetal .jpg,,,,,213
GM5EC03_Terapia Atletica Corporal.jpg,,,,,214
GM5EH01_Salud para todos.jpg,,,,,215
GM5EH02_Ambulatorio Jesus Reggeti.jpg,,,,,216
GM5EH03_Dra. Reyna Hurtado.jpg,,,,,217
GM5LT02_Apoyamed 365.jpg,,,,,218
GM5SF01_Grupo Medis Santa Fe (1).jpg,,,,,219
GM5SF01_Grupo Medis Santa Fe (3).jpg,,,,,219
OD1AL01_Clínica Dental La Castellana (Torre Gerencial)1.jpg,,,1,,
OD1AL01_Clínica Dental La Castellana (Torre Gerencial)2.jpg,,,1,,
OD1AL02_On Harmony Fachada Edif Letonia.jpg,,,2,,
OD1AL02_On Harmony Dental y Facial Clinic.jpg,,,2,,
OD1AL03_Clínica Odontologíca Koch-Tineo 2.jpg,,,3,,
OD1AL03_Clínica Odontologíca Koch-Tineo .jpg,,,3,,
OD1AL04_Odontologia Integral.jpg,,,4,,
OD1AL05_IMG_20231018_145345_679.jpg,,,5,,
OD1AL06_Centro Plaza Altamira.jpg,,,6,,
OD1AL06_IMG_20231018_140321_441.jpg,,,6,,
OD1AL07_IMG_20231018_142733_966.jpg,,,7,,
OD1AL08_Altamira Dental Group.jpg,,,8,,
OD1AL09_Clinica Dental Dr Jose Luis Noriega.jpg,,,9,,
OD1AL10_Clinica Dental.jpg,,,10,,
OD1AL11_Centro Odontológico en Centro Plaza (Altamira)1.jpg,,,11,,
OD1AL11_Centro Plaza Altamira.jpg,,,11,,
OD1AL12_IMG_20231106_114505_900.jpg,,,12,,
OD1AL13_Consultorio Odontológico Dr. Velez Diaz (La Castellana)1.jpg,,,13,,
OD1AL13_Consultorio Odontológico Dr. Velez Diaz (La Castellana)2.jpg,,,13,,
OD1AL14_ProDental (La Castellana)2.jpg,,,14,,
OD1AL14_ProDental (La Castellana)1.jpg,,,14,,
OD1AL15_METACLIC 2.jpg,,,15,,
OD1AL15_METACLINIC 1.jpg,,,15,,
OD1AL16_IMG_20231018_145548_615.jpg,,,16,,
OD1AL17_IMG_20231018_141731_377.jpg,,,17,,
OD1AL17_IMG_20231018_141424_303.jpg,,,17,,
OD1AL18_Proboca .jpg,,,18,,
OD1AL19_Don-Bosco.jpg,,,19,,
OD1CH01_Centro Nacional de Ortodoncia.jpg,,,21,,
OD1CH02_Consultorio odontologico la campiña.jpg,,,22,,
OD1CH03_Rosaldent.jpg,,,23,,
OD1CH03_Rosaldent 2.jpg,,,23,,
OD1CH04_Clinica Odontologica La Florida.jpg,,,24,,
OD1CH05_Dra. Magaly Romero.jpg,,,25,,
OD1CH06_Odonto Especialidades.jpg,,,26,,
OD1CH07_Grupo Dental Acuario.jpg,,,27,,
OD1CH08_Clinica Dental Tecnosonrisas 1.jpg,,,28,,
OD1CH08_Clinica Dental Tecnosonrisas.jpg,,,28,,
OD1CH09_Edif. Roraima I.jpg,,,29,,
OD1CN01_IMG_20231024_134444_924.jpg,,,30,,
OD1CN01_IMG_20231013_130330_721.jpg,,,30,,
OD1CN02_IMG_20231013_132259_950.jpg,,,31,,
OD1CN03_IMG_20231013_145747_356.jpg,,,32,,
OD1CN04_IMG_20231013_144330_810.jpg,,,33,,
OD1CN05_IMG_20231013_130330_721.jpg,,,34,,
OD1CN05_IMG_20231024_135128_999.jpg,,,34,,
OD1CN06_IMG_20231106_123351_402.jpg,,,35,,
OD1CN06_IMG_20231106_123351_452.jpg,,,35,,
OD1CO01_Contino Dental Group.jpg,,,36,,
OD1CO02_Grupo Odontologico Integral.jpg,,,37,,
OD1CO03_Dental VIP.jpg,,,38,,
OD1CO04_Clinica Dental Hallak.jpg,,,39,,
OD1CO05_Dra. Maria Pompei Spena (Centro Clínico San José).jpg,,,40,,
OD1CO06_iDent.jpg,,,41,,
OD1CO07_Dr. Ana Abreu.jpg,,,42,,
OD1CO07_Edificio Caro (Dr. Ana Abreu).jpg,,,42,,
OD1CO08_Edificio Caro (Salud Bucal).jpg,,,43,,
OD1CO08_Salud Bucal.jpg,,,43,,
OD1CO09_Dr. Carlos Bosque.jpg,,,44,,
OD1CO09_Centro Peru (Dr. Carlos Bosque).jpg,,,44,,
OD1CO10_Consultorio Odontologico 2 .jpg,,,45,,
OD1CO10_Consultorio Odontologico .jpg,,,45,,
OD1CO12_Romano_s Dental 2.jpg,,,47,,
OD1CU01_Centro de Especialidades Odontológicas.jpg,,,48,,
OD1DC01_Unidad Odontológica Los  Dos Caminos.jpg,,,51,,
OD1DC01_Unidad Odontológica Los  Dos Caminos Edif. Centro .jpg,,,51,,
OD1DC02_Zdent Fachada C.C Millenium .jpg,,,52,,
OD1DC02_Zdent .jpg,,,52,,
OD1DC03_CMO Dental Clinic Fachada Torre Qvrada.jpg,,,53,,
OD1DC03_CMO Dental Clinic .jpg,,,53,,
OD1DC04_Unidad Radiologica Millenium Fachada C.C Millenium.jpg,,,54,,
OD1DC04_Unidad Radiologica Millenium .jpg,,,54,,
OD1DC05_IMG_20231014_194204_896.jpg,,,55,,
OD1DC05_IMG_20231014_194200_533.jpg,,,55,,
OD1DC06_IMG_20231013_141048_471.jpg,,,56,,
OD1DC06_IMG_20231013_140813_495.jpg,,,56,,
OD1DC07_IMG_20231024_144143_503.jpg,,,57,,
OD1DC07_IMG_20231024_144133_947.jpg,,,57,,
OD1LC01_Okys Dental Fachada Edif.jpg,,,58,,
OD1LC01_Okys Dental .jpg,,,58,,
OD1LC02_IMG_20231106_122745_889.jpg,,,59,,
OD1LC03_Asociación Madres Salesianas (1).jpg,,,60,,
OD1LC03_Asociación Madres Salesianas II.jpg,,,60,,
OD1LM01_Sonríe Clínica Odontológica.jpg,,,61,,
OD1LM02_Sanadent 2.jpg,,,62,,
OD1LM02_Sanadent.jpg,,,62,,
OD1LM03_OdontoSpa.jpg,,,63,,
OD1LM03_OdontoSpa 2.jpg,,,63,,
OD1MI01_DentalWorld (Altamira) 1.jpg,,,64,,
OD1MI01_DentalWorld (Altamira) 2.jpg,,,64,,
OD1MI02_Torre Pascal .jpg,,,65,,
OD1MI02_Od Carmen Arvelo ( Torre Pascal) .jpg,,,65,,
OD1PE01_OD Mata Petare.jpg,,,66,,
OD1PE02_OD Corazon de Jesus Petare .jpg,,,67,,
OD1PV01_Mente y Cuerpo Sano (2).jpg,,,68,,
OD1PV01_Mente y Cuerpo Sano (1).jpg,,,68,,
OD1PV02_photo_2023-11-26_16-04-49 (2).jpg,,,69,,
OD1PV02_photo_2023-11-26_16-04-49.jpg,,,69,,
OD1PV03_Oralart.jpg,,,70,,
OD1PV04_Unidad Odontologica Tamanaco.jpg,,,71,,
OD1PV05_Dr. Pedro J. Dib Aguerrevere.jpg,,,72,,
OD1PV06_Ecoclinic.jpg,,,73,,
OD1PV07_Odonto Logica.jpg,,,74,,
OD2LH02_AV URDANETA - UMOL 3.jpg,,,77,,
OD2LH02_AV URDANETA- UMOL 2.jpg,,,77,,
OD2LH03_Av fuerzas -armadas- Consultorio Odontologico LF.jpg,,,78,,
OD2LH04_Av fuerzas Armadas- Zona Dental.jpg,,,79,,
OD2LH05_centro medico karam-la hoyada.jpg,,,80,,
OD2NC01_centro clinico odontologico.jpg,,,82,,
OD2PC01_Av urdaneta- tu odontologa- edf doral centro.jpg,,,83,,
OD2PC02_centro profesional urdaneta.jpg,,,84,,
OD2SJ01_San jose-Laboratorio Clinico y Centro Odontologico Daolin.jpg,,,85,,
OD2TE01_tu mundo dental 1.jpg,,,86,,
OD2TE01_tu mundo dental 2.jpg,,,86,,
OD2TE02_Clinica Integral VDSG 2011.jpg,,,87,,
OD3CO01_Dispensario Santo Domingo Savio (2).jpg,,,88,,
OD3CO01_Dispensario Santo Domingo Savio (1).jpg,,,88,,
OD3EC01_Odontoestetica.jpg,,,89,,
OD3EC02_Consultorio Odontológico.jpg,,,90,,
OD3EC02_IMG_20230919_123906_682.jpg,,,90,,
OD3EC03_IMG_20230919_125911_935.jpg,,,91,,
OD3EC03_IMG_20230919_125918_561.jpg,,,91,,
OD3EC04_IMG_20230919_131932_806.jpg,,,92,,
OD3EC04_IMG_20230919_132324_878.jpg,,,92,,
OD3EC05_CENTRO DE BIENESTAR SOCIAL LAS ACACIAS.jpg,,,93,,
OD3EC05_CENTRO DE BIENESTAR SOCIAL LAS ACACIAS II.jpg,,,93,,
"OD3EV01_Ortho Dentem, CA.jpg",,,95,,
OD3EV02_Denten CA.jpg,,,96,,
OD3EV03_Grupo Médico Odontológico Dra. Zaraell Lopez Rodriguez.jpg,,,97,,
OD3EV04_mco Grupo Odontológico.jpg,,,98,,
OD3EV04_mco Grupo Odontológico (1).jpg,,,98,,
OD3EV05_photo_2023-10-09_21-22-15 (2).jpg,,,99,,
OD3EV05_photo_2023-10-09_21-22-15.jpg,,,99,,
OD3EV06_photo_2023-10-21_14-25-48 (2).jpg,,,100,,
OD3LC01_IMG_20230921_131048_867.jpg,,,101,,
OD3LC02_IMG_20230921_132454_256.jpg,,,102,,
OD3LC03_Undamo I.jpg,,,103,,
OD3LC03_Undamo II.jpg,,,103,,
OD3LC04_IMQ Jimenez Rojas.jpg,,,104,,
OD3LI01_Cem Los Proceres I.jpg,,,105,,
OD3LI01_Cem Los Proceres II.jpg,,,105,,
OD3LJ01_Centro Médico Odontológico Garcia Lovera (1).jpg,,,106,,
OD3LJ01_Centro Médico Odontológico Garcia Lovera (2).jpg,,,106,,
OD3LJ02_Centro Médico Odontológico Salto Angel (1).jpg,,,107,,
OD3LJ02_Centro Médico Odontológico Salto Angel.jpg,,,107,,
OD3LJ03_Unidad Odontológica Integral (2).jpg,,,108,,
OD3LJ03_Unidad Odontológica Integral (1).jpg,,,108,,
OD4AN01_Clínica Dental FK3113.jpg,,,109,,
OD4EP02_Paraíso Dental.jpg,,,113,,
OD4EP03_Centro Integral.jpg,,,114,,
OD4EP05_Centro Medico Odontocosmético Paraíso.jpg,,,116,,
OD4LA01_CECAMI.jpg,,,117,,
OD4LA02_Centro Médico Dr. Vargas.jpg,,,118,,
OD4LV01_Centro médico odontológico LPG.jpg,,,120,,
OD4LV02_Consultorio Odontologico.jpg,,,121,,
OD4LV03_Consultorio Doctora Grajales Lara.jpg,,,122,,
OD4LV04_Grupo Odontologico ICE.jpg,,,123,,
OD4LV05_Danic Dental..jpg,,,124,,
OD4MO01_Centro Médico Odontológico.jpg,,,125,,
OD4MO02_Especialidades Odontológicas.jpg,,,126,,
OD4MO03_Son Rysas.jpg,,,127,,
OD4RP01_Grupo Médico Popular Caricuao Plaza.jpg,,,130,,
OD4RP02_Medical Center Ruiz Pineda.jpg,,,131,,
OD4ZO01_Centro Clínico UD5.jpg,,,132,,
OD5BA01_Centro Profesional Baruta.jpg,,,133,,
OD5BA03_Unidad Medica Plaza Baruta.jpg,,,135,,
OD5BA04_Ángel Correa (Consultorio odontológico).jpg,,,136,,
OD5BA05_Centro medico integral popular.jpg,,,137,,
OD5BA06_Odontólogo Ana Karina Albero.jpg,,,138,,
OD5BA07_Centro Odontomédico Las Minas.jpg,,,139,,
OD5CO01_Unidad Radiológica 2G Dr. Elina Grippa G..jpg,,,140,,
OD5CO02_Sistema Integral de Salud Oral Sis.jpg,,,141,,
OD5CO03_Centro de Planificación Digital Retex TR3SD.jpg,,,142,,
OD5CO04_Zonadental.jpg,,,143,,
OD5CO05_Unidad Odontológica La Pirámide.jpg,,,144,,
OD5CO06_Duran Studio Dental.jpg,,,145,,
OD5EH01_Odonto Tepuy I.jpg,,,146,,
OD5EH01_Odonto Tepuy II.jpg,,,146,,
OD5LT01_Dra. Ana Maria Quijano.jpg,,,147,,
OD5LT02_Centro Odontológico Sorocaima.jpg,,,148,,
OD5LT03_Dental Center by Dr. Dam Caracas.jpg,,,149,,
OD5SF01_Oral-Systems.jpg,,,150,,
OD5SF02_CCS3Dental.jpg,,,151,,
OD5SF03_DentalSmile.jpg,,,152,,
